电影名,评分,地区,类型,详情连接,海报连接
霸王别姬,9.6,中国大陆,剧情,https://movie.douban.com/subject/1291546/,https://img3.doubanio.com/view/photo/s_ratio_poster/public/p1910813120.jpg
茶馆,9.4,中国大陆,剧情,https://movie.douban.com/subject/1461403/,https://img3.doubanio.com/view/photo/s_ratio_poster/public/p2262122096.jpg
背靠背，脸对脸,9.4,中国大陆,剧情,https://movie.douban.com/subject/1307856/,https://img1.doubanio.com/view/photo/s_ratio_poster/public/p2505048077.jpg
鬼子来了,9.2,中国大陆,剧情,https://movie.douban.com/subject/1291858/,https://img3.doubanio.com/view/photo/s_ratio_poster/public/p1181775734.jpg
哀乐中年,9.2,中国大陆,剧情,https://movie.douban.com/subject/4719384/,https://img3.doubanio.com/view/photo/s_ratio_poster/public/p2029574250.jpg
遥望南方的童年,9.2,中国大陆,剧情,https://movie.douban.com/subject/3037329/,https://img1.doubanio.com/view/photo/s_ratio_poster/public/p2510977248.jpg
狐妖小红娘剧场版：王权富贵,9.2,中国大陆,剧情,https://movie.douban.com/subject/26946612/,https://img3.doubanio.com/view/photo/s_ratio_poster/public/p2409467410.jpg
活着,9.1,中国大陆,剧情,https://movie.douban.com/subject/1292365/,https://img3.doubanio.com/view/photo/s_ratio_poster/public/p2513253791.jpg
天堂回信,9.1,中国大陆,剧情,https://movie.douban.com/subject/1418076/,https://img3.doubanio.com/view/photo/s_ratio_poster/public/p1090024531.jpg
剃头匠,9.1,中国大陆,剧情,https://movie.douban.com/subject/3097352/,https://img3.doubanio.com/view/photo/s_ratio_poster/public/p2186918733.jpg
我不是药神,9.0,中国大陆,剧情,https://movie.douban.com/subject/26752088/,https://img3.doubanio.com/view/photo/s_ratio_poster/public/p2519070834.jpg
末代皇帝,9.0,中国大陆,剧情,https://movie.douban.com/subject/1293172/,https://img3.doubanio.com/view/photo/s_ratio_poster/public/p452088641.jpg
芙蓉镇,9.0,中国大陆,剧情,https://movie.douban.com/subject/1297880/,https://img3.doubanio.com/view/photo/s_ratio_poster/public/p2368389240.jpg
神女,9.0,中国大陆,剧情,https://movie.douban.com/subject/1302210/,https://img3.doubanio.com/view/photo/s_ratio_poster/public/p2028929312.jpg
红楼梦,9.0,中国大陆,剧情,https://movie.douban.com/subject/1329969/,https://img3.doubanio.com/view/photo/s_ratio_poster/public/p2322451692.jpg
紫陀螺,9.0,中国大陆,剧情,https://movie.douban.com/subject/2361040/,https://img1.doubanio.com/view/photo/s_ratio_poster/public/p2517536598.jpg
难夫难妻,9.0,中国大陆,剧情,https://movie.douban.com/subject/2057398/,https://img1.doubanio.com/view/photo/s_ratio_poster/public/p1696510747.jpg
荒山泪,9.0,中国大陆,剧情,https://movie.douban.com/subject/3724033/,https://img3.doubanio.com/view/photo/s_ratio_poster/public/p1945500364.jpg
如此爹娘,9.0,中国大陆,剧情,https://movie.douban.com/subject/3032535/,https://img3.doubanio.com/view/photo/s_ratio_poster/public/p2323730451.jpg
肖申克的救赎,9.6,美国,剧情,https://movie.douban.com/subject/1292052/,https://img3.doubanio.com/view/photo/s_ratio_poster/public/p480747492.jpg
控方证人,9.6,美国,剧情,https://movie.douban.com/subject/1296141/,https://img1.doubanio.com/view/photo/s_ratio_poster/public/p1505392928.jpg
阿甘正传,9.4,美国,剧情,https://movie.douban.com/subject/1292720/,https://img1.doubanio.com/view/photo/s_ratio_poster/public/p510876377.jpg
辛德勒的名单,9.4,美国,剧情,https://movie.douban.com/subject/1295124/,https://img3.doubanio.com/view/photo/s_ratio_poster/public/p492406163.jpg
十二怒汉,9.4,美国,剧情,https://movie.douban.com/subject/1293182/,https://img3.doubanio.com/view/photo/s_ratio_poster/public/p2173577632.jpg
十二怒汉,9.4,美国,剧情,https://movie.douban.com/subject/10583098/,https://img3.doubanio.com/view/photo/s_ratio_poster/public/p2153875961.jpg
控方证人,9.4,美国,剧情,https://movie.douban.com/subject/5294851/,https://img3.doubanio.com/view/photo/s_ratio_poster/public/p2367853261.jpg
疑犯追踪 试播集,9.4,美国,剧情,https://movie.douban.com/subject/24700683/,https://img1.doubanio.com/view/photo/s_ratio_poster/public/p1974739828.jpg
南方公园之梦想国度,9.4,美国,剧情,https://movie.douban.com/subject/5179539/,https://img3.doubanio.com/view/subject/l/public/s5293436.jpg
拜访森林,9.4,美国,剧情,https://movie.douban.com/subject/25741291/,https://img3.doubanio.com/view/photo/s_ratio_poster/public/p2155898916.jpg
忠犬八公的故事,9.3,美国,剧情,https://movie.douban.com/subject/3011091/,https://img3.doubanio.com/view/photo/s_ratio_poster/public/p524964016.jpg
盗梦空间,9.3,美国,剧情,https://movie.douban.com/subject/3541415/,https://img3.doubanio.com/view/photo/s_ratio_poster/public/p513344864.jpg
泰坦尼克号,9.3,美国,剧情,https://movie.douban.com/subject/1292722/,https://img3.doubanio.com/view/photo/s_ratio_poster/public/p457760035.jpg
查理布朗男孩,9.3,美国,剧情,https://movie.douban.com/subject/1295406/,https://img1.doubanio.com/view/photo/s_ratio_poster/public/p577559527.jpg
博弈论,9.3,美国,剧情,https://movie.douban.com/subject/3272459/,https://img3.doubanio.com/view/photo/s_ratio_poster/public/p2254959230.jpg
聪明狗走天涯,9.3,美国,剧情,https://movie.douban.com/subject/1297777/,https://img1.doubanio.com/view/subject/l/public/s1788447.jpg
星际穿越,9.2,美国,剧情,https://movie.douban.com/subject/1889243/,https://img3.doubanio.com/view/photo/s_ratio_poster/public/p2206088801.jpg
教父,9.2,美国,剧情,https://movie.douban.com/subject/1291841/,https://img3.doubanio.com/view/photo/s_ratio_poster/public/p2190556185.jpg
摩登时代,9.2,美国,剧情,https://movie.douban.com/subject/1294371/,https://img3.doubanio.com/view/photo/s_ratio_poster/public/p2173707976.jpg
乱世佳人,9.2,美国,剧情,https://movie.douban.com/subject/1300267/,https://img3.doubanio.com/view/photo/s_ratio_poster/public/p1963126880.jpg
城市之光,9.2,美国,剧情,https://movie.douban.com/subject/1293908/,https://img3.doubanio.com/view/photo/s_ratio_poster/public/p2099815842.jpg
超感猎杀：完结特别篇,9.2,美国,剧情,https://movie.douban.com/subject/27040774/,https://img3.doubanio.com/view/photo/s_ratio_poster/public/p2520264840.jpg
生活多美好,9.2,美国,剧情,https://movie.douban.com/subject/1293749/,https://img1.doubanio.com/view/photo/s_ratio_poster/public/p771490367.jpg
楚门的世界,9.1,美国,剧情,https://movie.douban.com/subject/1292064/,https://img3.doubanio.com/view/photo/s_ratio_poster/public/p479682972.jpg
蝙蝠侠：黑暗骑士,9.1,美国,剧情,https://movie.douban.com/subject/1851857/,https://img3.doubanio.com/view/photo/s_ratio_poster/public/p462657443.jpg
指环王3：王者无敌,9.1,美国,剧情,https://movie.douban.com/subject/1291552/,https://img3.doubanio.com/view/photo/s_ratio_poster/public/p1910825503.jpg
饮食男女,9.1,美国,剧情,https://movie.douban.com/subject/1291818/,https://img3.doubanio.com/view/photo/s_ratio_poster/public/p1910899751.jpg
教父2,9.1,美国,剧情,https://movie.douban.com/subject/1299131/,https://img1.doubanio.com/view/photo/s_ratio_poster/public/p2194138787.jpg
网络谜踪,9.1,美国,剧情,https://movie.douban.com/subject/27615441/,https://img3.doubanio.com/view/photo/s_ratio_poster/public/p2528018780.jpg
美国往事,9.1,美国,剧情,https://movie.douban.com/subject/1292262/,https://img1.doubanio.com/view/photo/s_ratio_poster/public/p477229647.jpg
寻子遇仙记,9.1,美国,剧情,https://movie.douban.com/subject/1293270/,https://img1.doubanio.com/view/photo/s_ratio_poster/public/p2332976198.jpg
丛林赤子心,9.1,美国,剧情,https://movie.douban.com/subject/1473562/,https://img3.doubanio.com/view/photo/s_ratio_poster/public/p2321248846.jpg
鳄鱼波鞋走天涯,9.1,美国,剧情,https://movie.douban.com/subject/1301811/,https://img3.doubanio.com/view/photo/s_ratio_poster/public/p2188484411.jpg
熊的故事,9.1,美国,剧情,https://movie.douban.com/subject/1300334/,https://img3.doubanio.com/view/photo/s_ratio_poster/public/p2454268056.jpg
人鼠之间,9.1,美国,剧情,https://movie.douban.com/subject/26431592/,https://img3.doubanio.com/view/photo/s_ratio_poster/public/p2252276881.jpg
难舍难分,9.1,美国,剧情,https://movie.douban.com/subject/3840029/,https://img3.doubanio.com/view/photo/s_ratio_poster/public/p2206663461.jpg
蓝与灰,9.1,美国,剧情,https://movie.douban.com/subject/1300008/,https://img3.doubanio.com/view/subject/l/public/s2609825.jpg
怦然心动,9.0,美国,剧情,https://movie.douban.com/subject/3319755/,https://img3.doubanio.com/view/photo/s_ratio_poster/public/p663036666.jpg
末代皇帝,9.0,美国,剧情,https://movie.douban.com/subject/1293172/,https://img3.doubanio.com/view/photo/s_ratio_poster/public/p452088641.jpg
当幸福来敲门,9.0,美国,剧情,https://movie.douban.com/subject/1849031/,https://img3.doubanio.com/view/photo/s_ratio_poster/public/p1312700744.jpg
少年派的奇幻漂流,9.0,美国,剧情,https://movie.douban.com/subject/1929463/,https://img3.doubanio.com/view/photo/s_ratio_poster/public/p1784592701.jpg
死亡诗社,9.0,美国,剧情,https://movie.douban.com/subject/1291548/,https://img3.doubanio.com/view/photo/s_ratio_poster/public/p1910824340.jpg
指环王2：双塔奇兵,9.0,美国,剧情,https://movie.douban.com/subject/1291572/,https://img3.doubanio.com/view/photo/s_ratio_poster/public/p909265336.jpg
搏击俱乐部,9.0,美国,剧情,https://movie.douban.com/subject/1292000/,https://img1.doubanio.com/view/photo/s_ratio_poster/public/p1910926158.jpg
飞越疯人院,9.0,美国,剧情,https://movie.douban.com/subject/1292224/,https://img1.doubanio.com/view/photo/s_ratio_poster/public/p792238287.jpg
完美的世界,9.0,美国,剧情,https://movie.douban.com/subject/1300992/,https://img3.doubanio.com/view/photo/s_ratio_poster/public/p792403691.jpg
大独裁者,9.0,美国,剧情,https://movie.douban.com/subject/1295646/,https://img3.doubanio.com/view/photo/s_ratio_poster/public/p1960167314.jpg
将军号,9.0,美国,剧情,https://movie.douban.com/subject/1292778/,https://img3.doubanio.com/view/photo/s_ratio_poster/public/p2248676081.jpg
纽伦堡的审判,9.0,美国,剧情,https://movie.douban.com/subject/1292589/,https://img3.doubanio.com/view/photo/s_ratio_poster/public/p922207281.jpg
海蒂,9.0,美国,剧情,https://movie.douban.com/subject/1925081/,https://img3.doubanio.com/view/photo/s_ratio_poster/public/p2270779943.jpg
小丘月圆,9.0,美国,剧情,https://movie.douban.com/subject/1302752/,https://img3.doubanio.com/view/photo/s_ratio_poster/public/p2334104591.jpg
淘金岁月,9.0,美国,剧情,https://movie.douban.com/subject/1928887/,https://img3.doubanio.com/view/photo/s_ratio_poster/public/p2518163022.jpg
街头友爱之情,9.0,美国,剧情,https://movie.douban.com/subject/2255927/,https://img3.doubanio.com/view/photo/s_ratio_poster/public/p2517733405.jpg
霸王别姬,9.6,香港,剧情,https://movie.douban.com/subject/1291546/,https://img3.doubanio.com/view/photo/s_ratio_poster/public/p1910813120.jpg
背靠背，脸对脸,9.4,香港,剧情,https://movie.douban.com/subject/1307856/,https://img1.doubanio.com/view/photo/s_ratio_poster/public/p2505048077.jpg
无间道,9.1,香港,剧情,https://movie.douban.com/subject/1307914/,https://img3.doubanio.com/view/photo/s_ratio_poster/public/p2233971046.jpg
活着,9.1,香港,剧情,https://movie.douban.com/subject/1292365/,https://img3.doubanio.com/view/photo/s_ratio_poster/public/p2513253791.jpg
南海十三郎,9.1,香港,剧情,https://movie.douban.com/subject/1303913/,https://img1.doubanio.com/view/photo/s_ratio_poster/public/p2328424489.jpg
上海滩,9.1,香港,剧情,https://movie.douban.com/subject/6311260/,https://img3.doubanio.com/view/photo/s_ratio_poster/public/p2344833803.jpg
霸王别姬,9.6,香港,剧情,https://movie.douban.com/subject/1291546/,https://img3.doubanio.com/view/photo/s_ratio_poster/public/p1910813120.jpg
背靠背，脸对脸,9.4,香港,剧情,https://movie.douban.com/subject/1307856/,https://img1.doubanio.com/view/photo/s_ratio_poster/public/p2505048077.jpg
无间道,9.1,香港,剧情,https://movie.douban.com/subject/1307914/,https://img3.doubanio.com/view/photo/s_ratio_poster/public/p2233971046.jpg
活着,9.1,香港,剧情,https://movie.douban.com/subject/1292365/,https://img3.doubanio.com/view/photo/s_ratio_poster/public/p2513253791.jpg
南海十三郎,9.1,香港,剧情,https://movie.douban.com/subject/1303913/,https://img1.doubanio.com/view/photo/s_ratio_poster/public/p2328424489.jpg
上海滩,9.1,香港,剧情,https://movie.douban.com/subject/6311260/,https://img3.doubanio.com/view/photo/s_ratio_poster/public/p2344833803.jpg
饮食男女,9.1,台湾,剧情,https://movie.douban.com/subject/1291818/,https://img3.doubanio.com/view/photo/s_ratio_poster/public/p1910899751.jpg
少年派的奇幻漂流,9.0,台湾,剧情,https://movie.douban.com/subject/1929463/,https://img3.doubanio.com/view/photo/s_ratio_poster/public/p1784592701.jpg
无言的山丘,9.0,台湾,剧情,https://movie.douban.com/subject/1298944/,https://img3.doubanio.com/view/photo/s_ratio_poster/public/p2522310203.jpg
长假,9.0,台湾,剧情,https://movie.douban.com/subject/3098844/,https://img3.doubanio.com/view/photo/s_ratio_poster/public/p2153135246.jpg
夏目友人帐 第六季 特别篇 铃响的残株,9.5,日本,剧情,https://movie.douban.com/subject/27121232/,https://img3.doubanio.com/view/photo/s_ratio_poster/public/p2497232204.jpg
北国之恋：2002遗言,9.5,日本,剧情,https://movie.douban.com/subject/2025137/,https://img1.doubanio.com/view/photo/s_ratio_poster/public/p2508558327.jpg
北国之恋：1987初恋,9.5,日本,剧情,https://movie.douban.com/subject/3794147/,https://img3.doubanio.com/view/photo/s_ratio_poster/public/p2472830331.jpg
北国之恋：1992自立,9.5,日本,剧情,https://movie.douban.com/subject/2025124/,https://img3.doubanio.com/view/photo/s_ratio_poster/public/p2508557701.jpg
北国之恋：1989归乡,9.5,日本,剧情,https://movie.douban.com/subject/3794149/,https://img1.doubanio.com/view/photo/s_ratio_poster/public/p2522940189.jpg
北国之恋：1984夏天,9.5,日本,剧情,https://movie.douban.com/subject/3794146/,https://img3.doubanio.com/view/photo/s_ratio_poster/public/p2472828763.jpg
新世纪福音战士剧场版：Air/真心为你,9.4,日本,剧情,https://movie.douban.com/subject/1308892/,https://img3.doubanio.com/view/photo/s_ratio_poster/public/p453716993.jpg
北国之恋：1998时代,9.4,日本,剧情,https://movie.douban.com/subject/2025138/,https://img3.doubanio.com/view/photo/s_ratio_poster/public/p2323647341.jpg
北国之恋：1995秘密,9.4,日本,剧情,https://movie.douban.com/subject/2025130/,https://img3.doubanio.com/view/photo/s_ratio_poster/public/p2508557411.jpg
转世熏风,9.4,日本,剧情,https://movie.douban.com/subject/25745644/,https://img3.doubanio.com/view/photo/s_ratio_poster/public/p2317900073.jpg
千与千寻,9.3,日本,剧情,https://movie.douban.com/subject/1291561/,https://img3.doubanio.com/view/photo/s_ratio_poster/public/p1606727862.jpg
福音战士新剧场版：破,9.3,日本,剧情,https://movie.douban.com/subject/2567646/,https://img3.doubanio.com/view/photo/s_ratio_poster/public/p1026522114.jpg
银魂完结篇：直到永远的万事屋,9.3,日本,剧情,https://movie.douban.com/subject/11615927/,https://img3.doubanio.com/view/photo/s_ratio_poster/public/p2258024316.jpg
夏目友人帐 第六季 特别篇 梦幻的碎片,9.3,日本,剧情,https://movie.douban.com/subject/27167055/,https://img3.doubanio.com/view/photo/s_ratio_poster/public/p2501694602.jpg
夏目友人帐 五 特别篇：一夜酒杯,9.3,日本,剧情,https://movie.douban.com/subject/27011740/,https://img3.doubanio.com/view/photo/s_ratio_poster/public/p2454093081.jpg
新世纪福音战士剧场版：复兴,9.3,日本,剧情,https://movie.douban.com/subject/20458867/,https://img3.doubanio.com/view/photo/s_ratio_poster/public/p2227584460.jpg
北国之恋：1983冬天,9.3,日本,剧情,https://movie.douban.com/subject/3794145/,https://img1.doubanio.com/view/photo/s_ratio_poster/public/p2472822148.jpg
七武士,9.2,日本,剧情,https://movie.douban.com/subject/1295399/,https://img3.doubanio.com/view/photo/s_ratio_poster/public/p647099823.jpg
东京物语,9.2,日本,剧情,https://movie.douban.com/subject/1291568/,https://img3.doubanio.com/view/photo/s_ratio_poster/public/p1910832390.jpg
新世纪福音战士剧场版：死与新生,9.2,日本,剧情,https://movie.douban.com/subject/1455442/,https://img3.doubanio.com/view/photo/s_ratio_poster/public/p454134242.jpg
切腹,9.2,日本,剧情,https://movie.douban.com/subject/1304920/,https://img3.doubanio.com/view/photo/s_ratio_poster/public/p2151748293.jpg
夏目友人帐：曾几何时下雪之日,9.2,日本,剧情,https://movie.douban.com/subject/25736048/,https://img3.doubanio.com/view/photo/s_ratio_poster/public/p2151897085.jpg
虫师 铃之滴,9.2,日本,剧情,https://movie.douban.com/subject/26287114/,https://img3.doubanio.com/view/photo/s_ratio_poster/public/p2237552672.jpg
虫师 续章 荆棘之路,9.2,日本,剧情,https://movie.douban.com/subject/25915882/,https://img3.doubanio.com/view/photo/s_ratio_poster/public/p2189258450.jpg
虎与龙SP,9.2,日本,剧情,https://movie.douban.com/subject/3118848/,https://img3.doubanio.com/view/photo/s_ratio_poster/public/p809505182.jpg
剧场版 吹响吧！上低音号2～想要传达的旋律～,9.2,日本,剧情,https://movie.douban.com/subject/26994755/,https://img3.doubanio.com/view/photo/s_ratio_poster/public/p2499628260.jpg
宇宙兄弟#0,9.2,日本,剧情,https://movie.douban.com/subject/25792658/,https://img3.doubanio.com/view/photo/s_ratio_poster/public/p2179388771.jpg
栗色小天使,9.2,日本,剧情,https://movie.douban.com/subject/2376466/,https://img3.doubanio.com/view/photo/s_ratio_poster/public/p1510442260.jpg
铃兰：少女萌的故事,9.2,日本,剧情,https://movie.douban.com/subject/2065097/,https://img3.doubanio.com/view/photo/s_ratio_poster/public/p2195973053.jpg
无人知晓,9.1,日本,剧情,https://movie.douban.com/subject/1292337/,https://img3.doubanio.com/view/photo/s_ratio_poster/public/p661160053.jpg
福音战士新剧场版：序,9.1,日本,剧情,https://movie.douban.com/subject/1968790/,https://img3.doubanio.com/view/photo/s_ratio_poster/public/p2411110730.jpg
攻壳机动队2：无罪,9.1,日本,剧情,https://movie.douban.com/subject/1291566/,https://img1.doubanio.com/view/photo/s_ratio_poster/public/p1910832189.jpg
生之欲,9.1,日本,剧情,https://movie.douban.com/subject/1293847/,https://img3.doubanio.com/view/photo/s_ratio_poster/public/p2079076441.jpg
最完美的离婚 2014特别篇,9.1,日本,剧情,https://movie.douban.com/subject/25790749/,https://img1.doubanio.com/view/photo/s_ratio_poster/public/p2186872257.jpg
夏目友人帐 第五季 特别篇 游戏盛宴,9.1,日本,剧情,https://movie.douban.com/subject/27017278/,https://img3.doubanio.com/view/photo/s_ratio_poster/public/p2455096331.jpg
情迷意乱,9.1,日本,剧情,https://movie.douban.com/subject/1422091/,https://img3.doubanio.com/view/photo/s_ratio_poster/public/p1449763371.jpg
女人步上楼梯时,9.1,日本,剧情,https://movie.douban.com/subject/1419479/,https://img1.doubanio.com/view/photo/s_ratio_poster/public/p1805354637.jpg
天元突破剧场版：螺岩篇,9.1,日本,剧情,https://movie.douban.com/subject/3727748/,https://img3.doubanio.com/view/photo/s_ratio_poster/public/p937216094.jpg
孤独的美食家 除夕特别篇～ 最后一食！濑户内出差篇,9.1,日本,剧情,https://movie.douban.com/subject/27203607/,https://img1.doubanio.com/view/photo/s_ratio_poster/public/p2513289247.jpg
倒数第二次恋爱 2012秋SP,9.1,日本,剧情,https://movie.douban.com/subject/19955789/,https://img3.doubanio.com/view/photo/s_ratio_poster/public/p1998695160.jpg
新世纪福音战士 第0:0话 诞生之始,9.1,日本,剧情,https://movie.douban.com/subject/26306741/,https://img3.doubanio.com/view/photo/s_ratio_poster/public/p2222846543.jpg
人间的条件(第五、六部),9.1,日本,剧情,https://movie.douban.com/subject/1441039/,https://img3.doubanio.com/view/photo/s_ratio_poster/public/p2327866185.jpg
空之境界 俯瞰风景3D,9.1,日本,剧情,https://movie.douban.com/subject/22297118/,https://img1.doubanio.com/view/photo/s_ratio_poster/public/p1970318059.jpg
卡里古拉,9.1,日本,剧情,https://movie.douban.com/subject/26843144/,https://img3.doubanio.com/view/photo/s_ratio_poster/public/p2369252025.jpg
蛮幽鬼,9.1,日本,剧情,https://movie.douban.com/subject/26425434/,https://img3.doubanio.com/view/photo/s_ratio_poster/public/p2385322366.jpg
忠犬八公物语,9.0,日本,剧情,https://movie.douban.com/subject/1959195/,https://img3.doubanio.com/view/photo/s_ratio_poster/public/p2297934945.jpg
小森林 冬春篇,9.0,日本,剧情,https://movie.douban.com/subject/25814707/,https://img1.doubanio.com/view/photo/s_ratio_poster/public/p2215147728.jpg
红鱼,9.0,日本,剧情,https://movie.douban.com/subject/26266892/,https://img3.doubanio.com/view/photo/s_ratio_poster/public/p2315734512.jpg
空之境界 第七章 杀人考察（后）,9.0,日本,剧情,https://movie.douban.com/subject/3399553/,https://img3.doubanio.com/view/photo/s_ratio_poster/public/p2202703811.jpg
空之境界 未来福音 extra chorus,9.0,日本,剧情,https://movie.douban.com/subject/24861238/,https://img3.doubanio.com/view/photo/s_ratio_poster/public/p2215965143.jpg
少女与战车 剧场版,9.0,日本,剧情,https://movie.douban.com/subject/24460604/,https://img1.doubanio.com/view/photo/s_ratio_poster/public/p2290872319.jpg
机动战士高达：逆袭的夏亚,9.0,日本,剧情,https://movie.douban.com/subject/1401536/,https://img3.doubanio.com/view/photo/s_ratio_poster/public/p546980785.jpg
新世纪福音战士 第0:0'话 来自黑暗之光,9.0,日本,剧情,https://movie.douban.com/subject/25815018/,https://img1.doubanio.com/view/photo/s_ratio_poster/public/p2167258298.jpg
排球少年剧场版：观念之战,9.0,日本,剧情,https://movie.douban.com/subject/27144868/,https://img3.doubanio.com/view/photo/s_ratio_poster/public/p2499775714.jpg
利兹与青鸟,9.0,日本,剧情,https://movie.douban.com/subject/27062637/,https://img1.doubanio.com/view/photo/s_ratio_poster/public/p2515806508.jpg
身毒丸,9.0,日本,剧情,https://movie.douban.com/subject/20326528/,https://img3.doubanio.com/view/photo/s_ratio_poster/public/p2519799906.jpg
一碗阳春面,9.0,日本,剧情,https://movie.douban.com/subject/2062564/,https://img3.doubanio.com/view/photo/s_ratio_poster/public/p2182803213.jpg
8UPPERS FEATURE MUSIC FILM,9.0,日本,剧情,https://movie.douban.com/subject/6839118/,https://img1.doubanio.com/view/photo/s_ratio_poster/public/p1210671627.jpg
辩护人,9.2,韩国,剧情,https://movie.douban.com/subject/21937445/,https://img3.doubanio.com/view/photo/s_ratio_poster/public/p2158166535.jpg
熔炉,9.2,韩国,剧情,https://movie.douban.com/subject/5912992/,https://img3.doubanio.com/view/photo/s_ratio_poster/public/p1363250216.jpg
素媛,9.1,韩国,剧情,https://movie.douban.com/subject/21937452/,https://img3.doubanio.com/view/photo/s_ratio_poster/public/p2118532944.jpg
我爱你,9.0,韩国,剧情,https://movie.douban.com/subject/5908478/,https://img1.doubanio.com/view/photo/s_ratio_poster/public/p1075591188.jpg
爱・回家,9.0,韩国,剧情,https://movie.douban.com/subject/1299361/,https://img3.doubanio.com/view/photo/s_ratio_poster/public/p2107418134.jpg
剧院魅影：25周年纪念演出,9.7,英国,剧情,https://movie.douban.com/subject/24751811/,https://img3.doubanio.com/view/photo/s_ratio_poster/public/p2006533765.jpg
第十二夜,9.6,英国,剧情,https://movie.douban.com/subject/26715548/,https://img1.doubanio.com/view/photo/s_ratio_poster/public/p2313529747.jpg
控方证人,9.4,英国,剧情,https://movie.douban.com/subject/5294851/,https://img3.doubanio.com/view/photo/s_ratio_poster/public/p2367853261.jpg
天使在美国第二部：重建,9.4,英国,剧情,https://movie.douban.com/subject/27045950/,https://img3.doubanio.com/view/photo/s_ratio_poster/public/p2459578301.jpg
唐顿庄园：2015圣诞特别篇,9.4,英国,剧情,https://movie.douban.com/subject/26320001/,https://img3.doubanio.com/view/photo/s_ratio_poster/public/p2292519115.jpg
弗兰肯斯坦,9.4,英国,剧情,https://movie.douban.com/subject/10508921/,https://img3.doubanio.com/view/photo/s_ratio_poster/public/p2252273146.jpg
跳出我天地音乐剧,9.4,英国,剧情,https://movie.douban.com/subject/26264388/,https://img3.doubanio.com/view/photo/s_ratio_poster/public/p2215874393.jpg
文艺趣向,9.4,英国,剧情,https://movie.douban.com/subject/26637592/,https://img3.doubanio.com/view/photo/s_ratio_poster/public/p2325812941.jpg
Christina Aguilera: Back to Basics - Live and Down Under,9.4,英国,剧情,https://movie.douban.com/subject/3060405/,https://img3.doubanio.com/view/photo/s_ratio_poster/public/p2498697744.jpg
忠犬八公的故事,9.3,英国,剧情,https://movie.douban.com/subject/3011091/,https://img3.doubanio.com/view/photo/s_ratio_poster/public/p524964016.jpg
盗梦空间,9.3,英国,剧情,https://movie.douban.com/subject/3541415/,https://img3.doubanio.com/view/photo/s_ratio_poster/public/p513344864.jpg
天使在美国第一部：千禧年降临,9.3,英国,剧情,https://movie.douban.com/subject/27021257/,https://img3.doubanio.com/view/photo/s_ratio_poster/public/p2474460813.jpg
神秘博士特别篇：时间尽头(下),9.3,英国,剧情,https://movie.douban.com/subject/4215755/,https://img1.doubanio.com/view/photo/s_ratio_poster/public/p2151699747.jpg
绿翼：圣诞特别篇,9.3,英国,剧情,https://movie.douban.com/subject/10535616/,https://img1.doubanio.com/view/photo/s_ratio_poster/public/p2173751587.jpg
幕后危机(特别版),9.3,英国,剧情,https://movie.douban.com/subject/10573682/,https://img1.doubanio.com/view/photo/s_ratio_poster/public/p2212335757.jpg
星际穿越,9.2,英国,剧情,https://movie.douban.com/subject/1889243/,https://img3.doubanio.com/view/photo/s_ratio_poster/public/p2206088801.jpg
唐顿庄园：2011圣诞特别篇,9.2,英国,剧情,https://movie.douban.com/subject/6870362/,https://img1.doubanio.com/view/photo/s_ratio_poster/public/p1711501188.jpg
怒海英雄：回报,9.2,英国,剧情,https://movie.douban.com/subject/1889703/,https://img3.doubanio.com/view/photo/s_ratio_poster/public/p2278610124.jpg
斑点带子案,9.2,英国,剧情,https://movie.douban.com/subject/3231171/,https://img3.doubanio.com/view/photo/s_ratio_poster/public/p1779190432.jpg
呼叫助产士：2012圣诞特别篇,9.2,英国,剧情,https://movie.douban.com/subject/20494747/,https://img3.doubanio.com/view/photo/s_ratio_poster/public/p2174965075.jpg
贝尔斯通之狐,9.2,英国,剧情,https://movie.douban.com/subject/1840488/,https://img1.doubanio.com/view/photo/s_ratio_poster/public/p2496732019.jpg
蝙蝠侠：黑暗骑士,9.1,英国,剧情,https://movie.douban.com/subject/1851857/,https://img3.doubanio.com/view/photo/s_ratio_poster/public/p462657443.jpg
两杆大烟枪,9.1,英国,剧情,https://movie.douban.com/subject/1293350/,https://img1.doubanio.com/view/photo/s_ratio_poster/public/p792443418.jpg
黑镜：圣诞特别篇,9.1,英国,剧情,https://movie.douban.com/subject/25964630/,https://img3.doubanio.com/view/photo/s_ratio_poster/public/p2233676442.jpg
谁害怕弗吉尼亚・伍尔芙？,9.1,英国,剧情,https://movie.douban.com/subject/27018258/,https://img1.doubanio.com/view/photo/s_ratio_poster/public/p2455199319.jpg
炼狱,9.1,英国,剧情,https://movie.douban.com/subject/26288174/,https://img3.doubanio.com/view/photo/s_ratio_poster/public/p2403960244.jpg
福尔摩斯：跳舞的人,9.1,英国,剧情,https://movie.douban.com/subject/3230514/,https://img3.doubanio.com/view/photo/s_ratio_poster/public/p2511441892.jpg
第二块血迹,9.1,英国,剧情,https://movie.douban.com/subject/3607018/,https://img3.doubanio.com/view/photo/s_ratio_poster/public/p2511443522.jpg
银色马,9.1,英国,剧情,https://movie.douban.com/subject/3607042/,https://img1.doubanio.com/view/photo/s_ratio_poster/public/p2511443948.jpg
莫扎特 歌剧《唐・乔万尼》（唐璜）,9.1,英国,剧情,https://movie.douban.com/subject/1877242/,https://img3.doubanio.com/view/subject/l/public/s1812251.jpg
歌厅,9.1,英国,剧情,https://movie.douban.com/subject/4047130/,https://img3.doubanio.com/view/photo/s_ratio_poster/public/p2514836300.jpg
临时演员圣诞特辑,9.1,英国,剧情,https://movie.douban.com/subject/2377036/,https://img3.doubanio.com/view/subject/l/public/s3914200.jpg
水獭塔卡,9.1,英国,剧情,https://movie.douban.com/subject/2016065/,https://img1.doubanio.com/view/photo/s_ratio_poster/public/p2526848077.jpg
呼叫助产士：2013圣诞特别篇,9.1,英国,剧情,https://movie.douban.com/subject/25702328/,https://img1.doubanio.com/view/photo/s_ratio_poster/public/p2174965118.jpg
末代皇帝,9.0,英国,剧情,https://movie.douban.com/subject/1293172/,https://img3.doubanio.com/view/photo/s_ratio_poster/public/p452088641.jpg
少年派的奇幻漂流,9.0,英国,剧情,https://movie.douban.com/subject/1929463/,https://img3.doubanio.com/view/photo/s_ratio_poster/public/p1784592701.jpg
钢琴家,9.0,英国,剧情,https://movie.douban.com/subject/1296736/,https://img3.doubanio.com/view/photo/s_ratio_poster/public/p792484461.jpg
流浪者之歌,9.0,英国,剧情,https://movie.douban.com/subject/1303525/,https://img3.doubanio.com/view/photo/s_ratio_poster/public/p2384320756.jpg
第十二夜,9.0,英国,剧情,https://movie.douban.com/subject/26994997/,https://img3.doubanio.com/view/photo/s_ratio_poster/public/p2445773970.jpg
四签名,9.0,英国,剧情,https://movie.douban.com/subject/3130431/,https://img1.doubanio.com/view/photo/s_ratio_poster/public/p2511444258.jpg
弗朗西丝・卡法克斯女士的失踪,9.0,英国,剧情,https://movie.douban.com/subject/3610756/,https://img3.doubanio.com/view/photo/s_ratio_poster/public/p2509534726.jpg
怒海英雄：忠诚,9.0,英国,剧情,https://movie.douban.com/subject/1889706/,https://img3.doubanio.com/view/photo/s_ratio_poster/public/p2325137626.jpg
歌唱神探,9.0,英国,剧情,https://movie.douban.com/subject/1499667/,https://img3.doubanio.com/view/photo/s_ratio_poster/public/p2523094110.jpg
简爱,9.0,英国,剧情,https://movie.douban.com/subject/26737926/,https://img3.doubanio.com/view/photo/s_ratio_poster/public/p2322796823.jpg
怒海英雄：叛乱,9.0,英国,剧情,https://movie.douban.com/subject/1889700/,https://img1.doubanio.com/view/subject/l/public/s1832238.jpg
神秘博士圣诞时刻,9.0,英国,剧情,https://movie.douban.com/subject/21354158/,https://img3.doubanio.com/view/subject/l/public/s24976003.jpg
呼叫助产士：2014圣诞特别篇,9.0,英国,剧情,https://movie.douban.com/subject/25986298/,https://img1.doubanio.com/view/photo/s_ratio_poster/public/p2259011769.jpg
怒海英雄：火攻船,9.0,英国,剧情,https://movie.douban.com/subject/1889694/,https://img3.doubanio.com/view/photo/s_ratio_poster/public/p2278610371.jpg
怒海英雄：公爵夫人与恶魔,9.0,英国,剧情,https://movie.douban.com/subject/1889695/,https://img3.doubanio.com/view/photo/s_ratio_poster/public/p2278607774.jpg
这个杀手不太冷,9.4,法国,剧情,https://movie.douban.com/subject/1295644/,https://img3.doubanio.com/view/photo/s_ratio_poster/public/p511118051.jpg
罗密欧与朱丽叶,9.4,法国,剧情,https://movie.douban.com/subject/25928148/,https://img3.doubanio.com/view/photo/s_ratio_poster/public/p2224933614.jpg
巴黎圣母院,9.3,法国,剧情,https://movie.douban.com/subject/20326557/,https://img3.doubanio.com/view/photo/s_ratio_poster/public/p2329626263.jpg
放牛班的春天,9.2,法国,剧情,https://movie.douban.com/subject/1291549/,https://img3.doubanio.com/view/photo/s_ratio_poster/public/p1910824951.jpg
触不可及,9.2,法国,剧情,https://movie.douban.com/subject/6786002/,https://img3.doubanio.com/view/photo/s_ratio_poster/public/p1454261925.jpg
洞,9.2,法国,剧情,https://movie.douban.com/subject/1424334/,https://img1.doubanio.com/view/photo/s_ratio_poster/public/p2497389079.jpg
天堂电影院,9.1,法国,剧情,https://movie.douban.com/subject/1291828/,https://img3.doubanio.com/view/photo/s_ratio_poster/public/p1910901025.jpg
地下,9.1,法国,剧情,https://movie.douban.com/subject/1292206/,https://img3.doubanio.com/view/photo/s_ratio_poster/public/p1833776334.jpg
熊的故事,9.1,法国,剧情,https://movie.douban.com/subject/1300334/,https://img3.doubanio.com/view/photo/s_ratio_poster/public/p2454268056.jpg
罗马11时,9.1,法国,剧情,https://movie.douban.com/subject/1466243/,https://img3.doubanio.com/view/photo/s_ratio_poster/public/p2230837721.jpg
末代皇帝,9.0,法国,剧情,https://movie.douban.com/subject/1293172/,https://img3.doubanio.com/view/photo/s_ratio_poster/public/p452088641.jpg
钢琴家,9.0,法国,剧情,https://movie.douban.com/subject/1296736/,https://img3.doubanio.com/view/photo/s_ratio_poster/public/p792484461.jpg
沉静如海,9.0,法国,剧情,https://movie.douban.com/subject/1769507/,https://img1.doubanio.com/view/photo/s_ratio_poster/public/p541622159.jpg
卡比利亚之夜,9.0,法国,剧情,https://movie.douban.com/subject/1294781/,https://img1.doubanio.com/view/photo/s_ratio_poster/public/p2204675868.jpg
Christina Aguilera: Back to Basics - Live and Down Under,9.4,德国,剧情,https://movie.douban.com/subject/3060405/,https://img3.doubanio.com/view/photo/s_ratio_poster/public/p2498697744.jpg
放牛班的春天,9.2,德国,剧情,https://movie.douban.com/subject/1291549/,https://img3.doubanio.com/view/photo/s_ratio_poster/public/p1910824951.jpg
窃听风暴,9.1,德国,剧情,https://movie.douban.com/subject/1900841/,https://img1.doubanio.com/view/photo/s_ratio_poster/public/p1808872109.jpg
地下,9.1,德国,剧情,https://movie.douban.com/subject/1292206/,https://img3.doubanio.com/view/photo/s_ratio_poster/public/p1833776334.jpg
搏击俱乐部,9.0,德国,剧情,https://movie.douban.com/subject/1292000/,https://img1.doubanio.com/view/photo/s_ratio_poster/public/p1910926158.jpg
钢琴家,9.0,德国,剧情,https://movie.douban.com/subject/1296736/,https://img3.doubanio.com/view/photo/s_ratio_poster/public/p792484461.jpg
海蒂和爷爷,9.0,德国,剧情,https://movie.douban.com/subject/25958717/,https://img3.doubanio.com/view/photo/s_ratio_poster/public/p2332944143.jpg
冰上卡门,9.0,德国,剧情,https://movie.douban.com/subject/1998081/,https://img3.doubanio.com/view/subject/l/public/s4044014.jpg
美丽人生,9.5,意大利,剧情,https://movie.douban.com/subject/1292063/,https://img3.doubanio.com/view/photo/s_ratio_poster/public/p510861873.jpg
灿烂人生,9.4,意大利,剧情,https://movie.douban.com/subject/1291831/,https://img3.doubanio.com/view/photo/s_ratio_poster/public/p1161132422.jpg
海上钢琴师,9.2,意大利,剧情,https://movie.douban.com/subject/1292001/,https://img1.doubanio.com/view/photo/s_ratio_poster/public/p511146807.jpg
洞,9.2,意大利,剧情,https://movie.douban.com/subject/1424334/,https://img1.doubanio.com/view/photo/s_ratio_poster/public/p2497389079.jpg
天堂电影院,9.1,意大利,剧情,https://movie.douban.com/subject/1291828/,https://img3.doubanio.com/view/photo/s_ratio_poster/public/p1910901025.jpg
美国往事,9.1,意大利,剧情,https://movie.douban.com/subject/1292262/,https://img1.doubanio.com/view/photo/s_ratio_poster/public/p477229647.jpg
罗马11时,9.1,意大利,剧情,https://movie.douban.com/subject/1466243/,https://img3.doubanio.com/view/photo/s_ratio_poster/public/p2230837721.jpg
末代皇帝,9.0,意大利,剧情,https://movie.douban.com/subject/1293172/,https://img3.doubanio.com/view/photo/s_ratio_poster/public/p452088641.jpg
卡比利亚之夜,9.0,意大利,剧情,https://movie.douban.com/subject/1294781/,https://img1.doubanio.com/view/photo/s_ratio_poster/public/p2204675868.jpg
流浪者之歌,9.0,意大利,剧情,https://movie.douban.com/subject/1303525/,https://img3.doubanio.com/view/photo/s_ratio_poster/public/p2384320756.jpg
海蒂,9.0,意大利,剧情,https://movie.douban.com/subject/1925081/,https://img3.doubanio.com/view/photo/s_ratio_poster/public/p2270779943.jpg
塔可夫斯基的潜行者,9.3,西班牙,剧情,https://movie.douban.com/subject/4100973/,https://img3.doubanio.com/view/photo/s_ratio_poster/public/p2153601890.jpg
三傻大闹宝莱坞,9.2,印度,剧情,https://movie.douban.com/subject/3793023/,https://img3.doubanio.com/view/photo/s_ratio_poster/public/p579729551.jpg
摔跤吧！爸爸,9.1,印度,剧情,https://movie.douban.com/subject/26387939/,https://img3.doubanio.com/view/photo/s_ratio_poster/public/p2457983084.jpg
小鞋子,9.2,伊朗,剧情,https://movie.douban.com/subject/1303021/,https://img3.doubanio.com/view/photo/s_ratio_poster/public/p2165511465.jpg
星际穿越,9.2,加拿大,剧情,https://movie.douban.com/subject/1889243/,https://img3.doubanio.com/view/photo/s_ratio_poster/public/p2206088801.jpg
清秀佳人第二部,9.2,加拿大,剧情,https://movie.douban.com/subject/5047697/,https://img3.doubanio.com/view/photo/s_ratio_poster/public/p1968503455.jpg
少年派的奇幻漂流,9.0,加拿大,剧情,https://movie.douban.com/subject/1929463/,https://img3.doubanio.com/view/photo/s_ratio_poster/public/p1784592701.jpg
小丘月圆,9.0,加拿大,剧情,https://movie.douban.com/subject/1302752/,https://img3.doubanio.com/view/photo/s_ratio_poster/public/p2334104591.jpg
大海的孩子,9.0,加拿大,剧情,https://movie.douban.com/subject/3274441/,https://img3.doubanio.com/view/photo/s_ratio_poster/public/p2206274006.jpg
土豆工厂,9.2,澳大利亚,剧情,https://movie.douban.com/subject/1793083/,https://img3.doubanio.com/view/photo/s_ratio_poster/public/p2233036824.jpg
奥菲欧与尤丽狄茜,9.0,澳大利亚,剧情,https://movie.douban.com/subject/2999288/,https://img3.doubanio.com/view/photo/s_ratio_poster/public/p2186607455.jpg
狩猎,9.1,瑞典,剧情,https://movie.douban.com/subject/6985810/,https://img1.doubanio.com/view/photo/s_ratio_poster/public/p1546987967.jpg
爱玛和丹尼尔的夏天,9.1,瑞典,剧情,https://movie.douban.com/subject/2258917/,https://img1.doubanio.com/view/subject/l/public/s2704847.jpg
婚姻生活,9.0,瑞典,剧情,https://movie.douban.com/subject/1292981/,https://img1.doubanio.com/view/photo/s_ratio_poster/public/p2037298187.jpg
狩猎,9.1,丹麦,剧情,https://movie.douban.com/subject/6985810/,https://img1.doubanio.com/view/photo/s_ratio_poster/public/p1546987967.jpg
岁城璃心-鬼蜮咒原,9.0,中国大陆,动作,https://movie.douban.com/subject/26298852/,https://img3.doubanio.com/view/photo/s_ratio_poster/public/p2243669803.jpg
魔法门之英雄无敌3：死亡阴影,9.2,美国,动作,https://movie.douban.com/subject/4935231/,https://img3.doubanio.com/view/subject/l/public/s4432480.jpg
蝙蝠侠：黑暗骑士,9.1,美国,动作,https://movie.douban.com/subject/1851857/,https://img3.doubanio.com/view/photo/s_ratio_poster/public/p462657443.jpg
指环王3：王者无敌,9.1,美国,动作,https://movie.douban.com/subject/1291552/,https://img3.doubanio.com/view/photo/s_ratio_poster/public/p1910825503.jpg
指环王2：双塔奇兵,9.0,美国,动作,https://movie.douban.com/subject/1291572/,https://img3.doubanio.com/view/photo/s_ratio_poster/public/p909265336.jpg
搏击俱乐部,9.0,美国,动作,https://movie.douban.com/subject/1292000/,https://img1.doubanio.com/view/photo/s_ratio_poster/public/p1910926158.jpg
将军号,9.0,美国,动作,https://movie.douban.com/subject/1292778/,https://img3.doubanio.com/view/photo/s_ratio_poster/public/p2248676081.jpg
Ben 10：变身之谜,9.0,美国,动作,https://movie.douban.com/subject/5187955/,https://img1.doubanio.com/view/photo/s_ratio_poster/public/p2320482809.jpg
七武士,9.2,日本,动作,https://movie.douban.com/subject/1295399/,https://img3.doubanio.com/view/photo/s_ratio_poster/public/p647099823.jpg
银魂剧场版：新译红樱篇,9.1,日本,动作,https://movie.douban.com/subject/4122194/,https://img3.doubanio.com/view/photo/s_ratio_poster/public/p612363092.jpg
空之境界 第七章 杀人考察（后）,9.0,日本,动作,https://movie.douban.com/subject/3399553/,https://img3.doubanio.com/view/photo/s_ratio_poster/public/p2202703811.jpg
数码宝贝大电影一：滚球兽的诞生,9.0,日本,动作,https://movie.douban.com/subject/1303927/,https://img3.doubanio.com/view/photo/s_ratio_poster/public/p2525457080.jpg
机动战士高达：逆袭的夏亚,9.0,日本,动作,https://movie.douban.com/subject/1401536/,https://img3.doubanio.com/view/photo/s_ratio_poster/public/p546980785.jpg
赛文奥特曼 我是地球人,9.0,日本,动作,https://movie.douban.com/subject/5041031/,https://img3.doubanio.com/view/photo/s_ratio_poster/public/p2532512046.jpg
独孤：倒回,9.3,韩国,动作,https://movie.douban.com/subject/30148183/,https://img3.doubanio.com/view/photo/s_ratio_poster/public/p2533091683.jpg
蝙蝠侠：黑暗骑士,9.1,英国,动作,https://movie.douban.com/subject/1851857/,https://img3.doubanio.com/view/photo/s_ratio_poster/public/p462657443.jpg
这个杀手不太冷,9.4,法国,动作,https://movie.douban.com/subject/1295644/,https://img3.doubanio.com/view/photo/s_ratio_poster/public/p511118051.jpg
搏击俱乐部,9.0,德国,动作,https://movie.douban.com/subject/1292000/,https://img1.doubanio.com/view/photo/s_ratio_poster/public/p1910926158.jpg
大闹天宫,9.3,中国大陆,动画,https://movie.douban.com/subject/1418019/,https://img1.doubanio.com/view/photo/s_ratio_poster/public/p2184505167.jpg
狐妖小红娘剧场版：月红篇,9.2,中国大陆,动画,https://movie.douban.com/subject/26972694/,https://img3.doubanio.com/view/photo/s_ratio_poster/public/p2427045524.jpg
天书奇谭,9.0,中国大陆,动画,https://movie.douban.com/subject/1428581/,https://img3.doubanio.com/view/photo/s_ratio_poster/public/p842504080.jpg
金猴降妖,9.0,中国大陆,动画,https://movie.douban.com/subject/1780256/,https://img3.doubanio.com/view/photo/s_ratio_poster/public/p1988812771.jpg
熊猫的故事,9.0,中国大陆,动画,https://movie.douban.com/subject/2121871/,https://img1.doubanio.com/view/photo/s_ratio_poster/public/p2334086208.jpg
岁城璃心-鬼蜮咒原,9.0,中国大陆,动画,https://movie.douban.com/subject/26298852/,https://img3.doubanio.com/view/photo/s_ratio_poster/public/p2243669803.jpg
滑稽玩偶,9.5,美国,动画,https://movie.douban.com/subject/5096157/,https://img3.doubanio.com/view/photo/s_ratio_poster/public/p1528882872.jpg
南方公园之梦想国度,9.4,美国,动画,https://movie.douban.com/subject/5179539/,https://img3.doubanio.com/view/subject/l/public/s5293436.jpg
机器人总动员,9.3,美国,动画,https://movie.douban.com/subject/2131459/,https://img3.doubanio.com/view/photo/s_ratio_poster/public/p1461851991.jpg
查理布朗男孩,9.3,美国,动画,https://movie.douban.com/subject/1295406/,https://img1.doubanio.com/view/photo/s_ratio_poster/public/p577559527.jpg
The Beatles Yellow Submarine Adventure,9.3,美国,动画,https://movie.douban.com/subject/2139531/,https://img3.doubanio.com/view/subject/l/public/s3320164.jpg
聪明狗走天涯,9.3,美国,动画,https://movie.douban.com/subject/1297777/,https://img1.doubanio.com/view/subject/l/public/s1788447.jpg
欢乐树的朋友们：赶尽杀绝,9.2,美国,动画,https://movie.douban.com/subject/3075070/,https://img3.doubanio.com/view/subject/l/public/s1806732.jpg
辛普森一家：颁奖季,9.2,美国,动画,https://movie.douban.com/subject/6008882/,https://img1.doubanio.com/view/photo/s_ratio_poster/public/p2497035958.jpg
欢乐树的朋友们：第二发球,9.2,美国,动画,https://movie.douban.com/subject/1393471/,https://img3.doubanio.com/view/photo/s_ratio_poster/public/p2162261726.jpg
欢乐树的朋友们：第三击,9.2,美国,动画,https://movie.douban.com/subject/1393472/,https://img3.doubanio.com/view/subject/l/public/s1806711.jpg
平方根：海绵宝宝的故事,9.2,美国,动画,https://movie.douban.com/subject/4001873/,https://img3.doubanio.com/view/subject/l/public/s3956255.jpg
疯狂动物城,9.1,美国,动画,https://movie.douban.com/subject/25662329/,https://img1.doubanio.com/view/photo/s_ratio_poster/public/p2315672647.jpg
欢乐树的朋友们,9.1,美国,动画,https://movie.douban.com/subject/4181031/,https://img3.doubanio.com/view/photo/s_ratio_poster/public/p2533709702.jpg
史努比的惊险夏令营,9.1,美国,动画,https://movie.douban.com/subject/2139403/,https://img1.doubanio.com/view/photo/s_ratio_poster/public/p1979604578.jpg
欢乐树的朋友们：滑雪巡逻救生队,9.1,美国,动画,https://movie.douban.com/subject/3075092/,https://img3.doubanio.com/view/subject/l/public/s3622650.jpg
比约克：羊皮卷,9.1,美国,动画,https://movie.douban.com/subject/1422170/,https://img1.doubanio.com/view/photo/s_ratio_poster/public/p2526923037.jpg
寻梦环游记,9.0,美国,动画,https://movie.douban.com/subject/20495023/,https://img1.doubanio.com/view/photo/s_ratio_poster/public/p2503997609.jpg
Ben 10：变身之谜,9.0,美国,动画,https://movie.douban.com/subject/5187955/,https://img1.doubanio.com/view/photo/s_ratio_poster/public/p2320482809.jpg
欢乐树的朋友们：第一滴血,9.0,美国,动画,https://movie.douban.com/subject/1393470/,https://img1.doubanio.com/view/subject/l/public/s1806727.jpg
唐老鸭惊魂记,9.0,美国,动画,https://movie.douban.com/subject/20427234/,https://img3.doubanio.com/view/subject/l/public/s24468024.jpg
老子说,9.2,台湾,动画,https://movie.douban.com/subject/23954302/,https://img1.doubanio.com/view/photo/s_ratio_poster/public/p2165501767.jpg
夏目友人帐 第六季 特别篇 铃响的残株,9.5,日本,动画,https://movie.douban.com/subject/27121232/,https://img3.doubanio.com/view/photo/s_ratio_poster/public/p2497232204.jpg
大雄的怀念奶奶,9.5,日本,动画,https://movie.douban.com/subject/10461356/,https://img3.doubanio.com/view/photo/s_ratio_poster/public/p2369337420.jpg
新世纪福音战士剧场版：Air/真心为你,9.4,日本,动画,https://movie.douban.com/subject/1308892/,https://img3.doubanio.com/view/photo/s_ratio_poster/public/p453716993.jpg
银魂晴祭2016,9.4,日本,动画,https://movie.douban.com/subject/26887094/,https://img3.doubanio.com/view/photo/s_ratio_poster/public/p2386924665.jpg
千与千寻,9.3,日本,动画,https://movie.douban.com/subject/1291561/,https://img3.doubanio.com/view/photo/s_ratio_poster/public/p1606727862.jpg
福音战士新剧场版：破,9.3,日本,动画,https://movie.douban.com/subject/2567646/,https://img3.doubanio.com/view/photo/s_ratio_poster/public/p1026522114.jpg
银魂完结篇：直到永远的万事屋,9.3,日本,动画,https://movie.douban.com/subject/11615927/,https://img3.doubanio.com/view/photo/s_ratio_poster/public/p2258024316.jpg
空之境界 第五章 矛盾螺旋,9.3,日本,动画,https://movie.douban.com/subject/3187790/,https://img3.doubanio.com/view/photo/s_ratio_poster/public/p2194403556.jpg
夏目友人帐 第六季 特别篇 梦幻的碎片,9.3,日本,动画,https://movie.douban.com/subject/27167055/,https://img3.doubanio.com/view/photo/s_ratio_poster/public/p2501694602.jpg
夏目友人帐 五 特别篇：一夜酒杯,9.3,日本,动画,https://movie.douban.com/subject/27011740/,https://img3.doubanio.com/view/photo/s_ratio_poster/public/p2454093081.jpg
新世纪福音战士剧场版：复兴,9.3,日本,动画,https://movie.douban.com/subject/20458867/,https://img3.doubanio.com/view/photo/s_ratio_poster/public/p2227584460.jpg
虫师 蚀日之翳,9.3,日本,动画,https://movie.douban.com/subject/25774760/,https://img3.doubanio.com/view/photo/s_ratio_poster/public/p2177142960.jpg
新世纪福音战士剧场版：死与新生,9.2,日本,动画,https://movie.douban.com/subject/1455442/,https://img3.doubanio.com/view/photo/s_ratio_poster/public/p454134242.jpg
夏目友人帐：曾几何时下雪之日,9.2,日本,动画,https://movie.douban.com/subject/25736048/,https://img3.doubanio.com/view/photo/s_ratio_poster/public/p2151897085.jpg
虫师 铃之滴,9.2,日本,动画,https://movie.douban.com/subject/26287114/,https://img3.doubanio.com/view/photo/s_ratio_poster/public/p2237552672.jpg
虫师 续章 荆棘之路,9.2,日本,动画,https://movie.douban.com/subject/25915882/,https://img3.doubanio.com/view/photo/s_ratio_poster/public/p2189258450.jpg
四月一日灵异事件簿・笼：徒梦,9.2,日本,动画,https://movie.douban.com/subject/11606408/,https://img3.doubanio.com/view/photo/s_ratio_poster/public/p2228426934.jpg
攻壳机动队SAC 2nd GIG：个别的十一人,9.2,日本,动画,https://movie.douban.com/subject/2352020/,https://img3.doubanio.com/view/photo/s_ratio_poster/public/p2531981961.jpg
剧场版 吹响吧！上低音号2～想要传达的旋律～,9.2,日本,动画,https://movie.douban.com/subject/26994755/,https://img3.doubanio.com/view/photo/s_ratio_poster/public/p2499628260.jpg
宇宙兄弟#0,9.2,日本,动画,https://movie.douban.com/subject/25792658/,https://img3.doubanio.com/view/photo/s_ratio_poster/public/p2179388771.jpg
龙猫,9.1,日本,动画,https://movie.douban.com/subject/1291560/,https://img1.doubanio.com/view/photo/s_ratio_poster/public/p537668599.jpg
福音战士新剧场版：序,9.1,日本,动画,https://movie.douban.com/subject/1968790/,https://img3.doubanio.com/view/photo/s_ratio_poster/public/p2411110730.jpg
蜡笔小新之呼风唤雨！大人帝国的反击,9.1,日本,动画,https://movie.douban.com/subject/1958667/,https://img3.doubanio.com/view/photo/s_ratio_poster/public/p2327107485.jpg
攻壳机动队2：无罪,9.1,日本,动画,https://movie.douban.com/subject/1291566/,https://img1.doubanio.com/view/photo/s_ratio_poster/public/p1910832189.jpg
银魂剧场版：新译红樱篇,9.1,日本,动画,https://movie.douban.com/subject/4122194/,https://img3.doubanio.com/view/photo/s_ratio_poster/public/p612363092.jpg
夏目友人帐 第五季 特别篇 游戏盛宴,9.1,日本,动画,https://movie.douban.com/subject/27017278/,https://img3.doubanio.com/view/photo/s_ratio_poster/public/p2455096331.jpg
空之境界 未来福音,9.1,日本,动画,https://movie.douban.com/subject/11499092/,https://img1.doubanio.com/view/photo/s_ratio_poster/public/p2037135869.jpg
天元突破剧场版：螺岩篇,9.1,日本,动画,https://movie.douban.com/subject/3727748/,https://img3.doubanio.com/view/photo/s_ratio_poster/public/p937216094.jpg
元气少女缘结神OVA：神明 幸福美满,9.1,日本,动画,https://movie.douban.com/subject/26899000/,https://img3.doubanio.com/view/photo/s_ratio_poster/public/p2391890320.jpg
攻壳机动队SAC：笑面男,9.1,日本,动画,https://movie.douban.com/subject/2078804/,https://img1.doubanio.com/view/photo/s_ratio_poster/public/p2207164758.jpg
机动战士高达 THE ORIGIN III 破晓的起义,9.1,日本,动画,https://movie.douban.com/subject/26359261/,https://img3.doubanio.com/view/photo/s_ratio_poster/public/p2325456546.jpg
新世纪福音战士 第0:0话 诞生之始,9.1,日本,动画,https://movie.douban.com/subject/26306741/,https://img3.doubanio.com/view/photo/s_ratio_poster/public/p2222846543.jpg
空之境界 俯瞰风景3D,9.1,日本,动画,https://movie.douban.com/subject/22297118/,https://img1.doubanio.com/view/photo/s_ratio_poster/public/p1970318059.jpg
银河英雄传说：我的征途是星辰大海,9.1,日本,动画,https://movie.douban.com/subject/3542206/,https://img3.doubanio.com/view/photo/s_ratio_poster/public/p486657453.jpg
银河英雄传说：新战争的序曲,9.1,日本,动画,https://movie.douban.com/subject/3542229/,https://img3.doubanio.com/view/photo/s_ratio_poster/public/p2518590956.jpg
独角马之魔法岛,9.1,日本,动画,https://movie.douban.com/subject/1845707/,https://img1.doubanio.com/view/photo/s_ratio_poster/public/p2528322297.jpg
阿信的故事,9.1,日本,动画,https://movie.douban.com/subject/5173048/,https://img3.doubanio.com/view/photo/s_ratio_poster/public/p2502852036.jpg
超时空游侠,9.1,日本,动画,https://movie.douban.com/subject/3078572/,https://img1.doubanio.com/view/photo/s_ratio_poster/public/p1902970538.jpg
天空之城,9.0,日本,动画,https://movie.douban.com/subject/1291583/,https://img1.doubanio.com/view/photo/s_ratio_poster/public/p1446261379.jpg
凉宫春日的消失,9.0,日本,动画,https://movie.douban.com/subject/4074292/,https://img3.doubanio.com/view/photo/s_ratio_poster/public/p2246432125.jpg
空之境界 第七章 杀人考察（后）,9.0,日本,动画,https://movie.douban.com/subject/3399553/,https://img3.doubanio.com/view/photo/s_ratio_poster/public/p2202703811.jpg
空之境界 未来福音 extra chorus,9.0,日本,动画,https://movie.douban.com/subject/24861238/,https://img3.doubanio.com/view/photo/s_ratio_poster/public/p2215965143.jpg
数码宝贝大电影一：滚球兽的诞生,9.0,日本,动画,https://movie.douban.com/subject/1303927/,https://img3.doubanio.com/view/photo/s_ratio_poster/public/p2525457080.jpg
少女与战车 剧场版,9.0,日本,动画,https://movie.douban.com/subject/24460604/,https://img1.doubanio.com/view/photo/s_ratio_poster/public/p2290872319.jpg
机动战士高达：逆袭的夏亚,9.0,日本,动画,https://movie.douban.com/subject/1401536/,https://img3.doubanio.com/view/photo/s_ratio_poster/public/p546980785.jpg
剧场版魔法少女小圆 后篇 永远的故事,9.0,日本,动画,https://movie.douban.com/subject/10569150/,https://img3.doubanio.com/view/photo/s_ratio_poster/public/p1687571406.jpg
海贼王梅利篇：另一名同伴的故事,9.0,日本,动画,https://movie.douban.com/subject/25711544/,https://img3.doubanio.com/view/photo/s_ratio_poster/public/p2107245311.jpg
无头骑士异闻录第二季：结 OVA,9.0,日本,动画,https://movie.douban.com/subject/26746536/,https://img3.doubanio.com/view/photo/s_ratio_poster/public/p2326159160.jpg
钢之炼金术师：师傅的故事,9.0,日本,动画,https://movie.douban.com/subject/4824996/,https://img3.doubanio.com/view/photo/s_ratio_poster/public/p2190442216.jpg
熊猫的故事,9.0,日本,动画,https://movie.douban.com/subject/2121871/,https://img1.doubanio.com/view/photo/s_ratio_poster/public/p2334086208.jpg
新世纪福音战士 第0:0'话 来自黑暗之光,9.0,日本,动画,https://movie.douban.com/subject/25815018/,https://img1.doubanio.com/view/photo/s_ratio_poster/public/p2167258298.jpg
钢之炼金术师：那也是他的战场,9.0,日本,动画,https://movie.douban.com/subject/5294292/,https://img1.doubanio.com/view/photo/s_ratio_poster/public/p2364730827.jpg
三国志：长江的燃烧,9.0,日本,动画,https://movie.douban.com/subject/4176666/,https://img3.doubanio.com/view/photo/s_ratio_poster/public/p2509584225.jpg
三国志：辽阔的大地,8.9,日本,动画,https://movie.douban.com/subject/4176667/,https://img3.doubanio.com/view/photo/s_ratio_poster/public/p2509584012.jpg
飞跃巅峰2 剧场版,9.0,日本,动画,https://movie.douban.com/subject/5915807/,https://img1.doubanio.com/view/photo/s_ratio_poster/public/p2238703638.jpg
利兹与青鸟,9.0,日本,动画,https://movie.douban.com/subject/27062637/,https://img1.doubanio.com/view/photo/s_ratio_poster/public/p2515806508.jpg
三国志：英雄的黎明,9.0,日本,动画,https://movie.douban.com/subject/4176665/,https://img1.doubanio.com/view/photo/s_ratio_poster/public/p2509584338.jpg
蜂蜜与四叶草 LF特别篇,9.0,日本,动画,https://movie.douban.com/subject/6733294/,https://img3.doubanio.com/view/photo/s_ratio_poster/public/p2525384226.jpg
反叛的鲁路修特别篇：零之镇魂曲,9.0,日本,动画,https://movie.douban.com/subject/6514089/,https://img1.doubanio.com/view/photo/s_ratio_poster/public/p2178971509.jpg
高智能方程式赛车 TV总集篇,9.0,日本,动画,https://movie.douban.com/subject/4906417/,https://img3.doubanio.com/view/subject/l/public/s4412555.jpg
四神奇,9.0,日本,动画,https://movie.douban.com/subject/2893670/,https://img1.doubanio.com/view/photo/s_ratio_poster/public/p2506696718.jpg
最游记外传OVA第三卷：萌芽之章,9.0,日本,动画,https://movie.douban.com/subject/25703568/,https://img1.doubanio.com/view/photo/s_ratio_poster/public/p2096699907.jpg
放浪男孩OVA 告白 ～Each Seasons～,9.0,日本,动画,https://movie.douban.com/subject/6902342/,https://img1.doubanio.com/view/photo/s_ratio_poster/public/p2509356959.jpg
班班和莉莉的小王国,9.4,英国,动画,https://movie.douban.com/subject/5169462/,https://img3.doubanio.com/view/photo/s_ratio_poster/public/p2170078305.jpg
阿曼动画之超级无敌掌门狗系列2,9.0,英国,动画,https://movie.douban.com/subject/1305745/,https://img3.doubanio.com/view/photo/s_ratio_poster/public/p2220140456.jpg
欢乐树的朋友们：第一滴血,9.0,英国,动画,https://movie.douban.com/subject/1393470/,https://img1.doubanio.com/view/subject/l/public/s1806727.jpg
The Beatles Yellow Submarine Adventure,9.3,德国,动画,https://movie.douban.com/subject/2139531/,https://img3.doubanio.com/view/subject/l/public/s3320164.jpg
大侠西尔万,9.0,西班牙,动画,https://movie.douban.com/subject/5501680/,https://img3.doubanio.com/view/photo/s_ratio_poster/public/p2246473203.jpg
童年记趣,9.0,加拿大,动画,https://movie.douban.com/subject/1305995/,https://img3.doubanio.com/view/photo/s_ratio_poster/public/p992547963.jpg
